{
  "vllm:Qwen_Qwen2.5-VL-7B-Instruct": {
    "num_matched_records": 4318,
    "accuracy": 0.9388605836035201,
    "precision": 0.9674395658608781,
    "recall": 0.9082908754052802,
    "f1": 0.9369326325848065,
    "tp": 1961,
    "fp": 66,
    "tn": 2093,
    "fn": 198,
    "specificity": 0.9694302918017601,
    "balanced_accuracy": 0.9388605836035202,
    "mcc": 0.8793662539356237,
    "mean_inference_time_s": 1.4115,
    "mean_response_length": 38.29
  },
  "vllm:Qwen_Qwen3-VL-4B-Instruct": {
    "num_matched_records": 4318,
    "accuracy": 0.9027327466419639,
    "precision": 0.9898591549295774,
    "recall": 0.8138026864289023,
    "f1": 0.8932384341637011,
    "tp": 1757,
    "fp": 18,
    "tn": 2141,
    "fn": 402,
    "specificity": 0.9916628068550255,
    "balanced_accuracy": 0.9027327466419639,
    "mcc": 0.8185160942086577,
    "mean_inference_time_s": 1.181,
    "mean_response_length": 18.49
  },
  "vllm:Qwen_Qwen3.5-2B": {
    "num_matched_records": 4318,
    "accuracy": 0.777674849467346,
    "precision": 0.9934156378600824,
    "recall": 0.5590551181102362,
    "f1": 0.7154712507409603,
    "tp": 1207,
    "fp": 8,
    "tn": 2151,
    "fn": 952,
    "specificity": 0.9962945808244558,
    "balanced_accuracy": 0.777674849467346,
    "mcc": 0.6175045419737367,
    "mean_inference_time_s": 1.2199,
    "mean_response_length": 195.8
  },
  "vllm:google_gemma-4-E2B-it": {
    "num_matched_records": 4318,
    "accuracy": 0.7880963408985642,
    "precision": 0.9392655367231638,
    "recall": 0.6160259379342288,
    "f1": 0.7440559440559441,
    "tp": 1330,
    "fp": 86,
    "tn": 2073,
    "fn": 829,
    "specificity": 0.9601667438628995,
    "balanced_accuracy": 0.7880963408985642,
    "mcc": 0.6136772867925194,
    "mean_inference_time_s": 1.9734,
    "mean_response_length": 708.91
  }
}