{
  "vllm:google_gemma-4-E2B-it_nothink": {
    "n": 1392,
    "coverage": "1392/2158",
    "overall": {
      "accuracy": 0.8520114942528736,
      "precision": 0.9556840077071291,
      "recall": 0.7304860088365243,
      "f1": 0.8280467445742905,
      "tp": 496,
      "fp": 23,
      "tn": 690,
      "fn": 183,
      "specificity": 0.967741935483871,
      "balanced_accuracy": 0.8491139721601977,
      "mcc": 0.721748811412747
    },
    "per_type": {
      "nlp_entity": {
        "accuracy": 0.8782755705832629,
        "precision": 0.954070981210856,
        "recall": 0.7892918825561313,
        "f1": 0.8638941398865785,
        "tp": 457,
        "fp": 22,
        "tn": 582,
        "fn": 122,
        "specificity": 0.9635761589403974,
        "balanced_accuracy": 0.8764340207482644,
        "mcc": 0.7666948164745875
      },
      "element": {
        "accuracy": 0.7557251908396947,
        "precision": 1.0,
        "recall": 0.5076923076923077,
        "f1": 0.673469387755102,
        "tp": 33,
        "fp": 0,
        "tn": 66,
        "fn": 32,
        "specificity": 1.0,
        "balanced_accuracy": 0.7538461538461538,
        "mcc": 0.5847351773491256
      },
      "layout": {
        "accuracy": 0.6153846153846154,
        "precision": 0.8571428571428571,
        "recall": 0.17142857142857143,
        "f1": 0.2857142857142857,
        "tp": 6,
        "fp": 1,
        "tn": 42,
        "fn": 29,
        "specificity": 0.9767441860465116,
        "balanced_accuracy": 0.5740863787375415,
        "mcc": 0.25784482456550945
      }
    },
    "mean_inference_time_s": 0.45905176212118964,
    "mean_response_length": 42.910919540229884
  }
}